<migration urlid="http://www.microsoft.com/migration/externalUserDocs">
  <component type="Documents" context="SYSTEM" defaultSupported="Yes">
    <displayName>External_UserDocs - SYSTEM</displayName>
    <version>1.0</version>
    <paths>
      <path type="File">%External_UserDocs%</path>
    </paths>
    <role role="Data">
      <rules>
        <include>
          <objectSet>
            <pattern type="File">c:\^$winreagent\*[*]</pattern>
            <pattern type="File">c:\perflogs\*[*]</pattern>
            <pattern type="File">c:\recovery\*[*]</pattern>
            <pattern type="File">c:[dumpstack.log.tmp]</pattern>
            <pattern type="File">c:[swapfile.sys]</pattern>
          </objectSet>
        </include>
        <include filter="MigXmlHelper.IgnoreIrrelevantLinks()">
          <objectSet>
            <pattern type="File">c:\users\public\videos\*[*]</pattern>
            <pattern type="File">c:\users\public\favorites\*[*]</pattern>
            <pattern type="File">c:\users\public\music\*[*]</pattern>
            <pattern type="File">c:\programdata\microsoft\windows\templates\*[*]</pattern>
            <pattern type="File">c:\users\public\documents\*[*]</pattern>
            <pattern type="File">c:\users\public\accountpictures\*[*]</pattern>
            <pattern type="File">c:\users\public\pictures\*[*]</pattern>
            <pattern type="File">c:\users\public\libraries\*[*]</pattern>
            <pattern type="File">c:\users\public\downloads\*[*]</pattern>
            <pattern type="File">c:\users\public\desktop\*[*]</pattern>
          </objectSet>
        </include>
        <exclude>
          <objectSet/>
        </exclude>
        <excludeAttributes attributes="Security">
          <objectSet>
            <pattern type="File">*[*]</pattern>
          </objectSet>
        </excludeAttributes>
        <contentModify script="MigXmlHelper.MergeShellLibraries('TRUE','TRUE')">
          <objectSet>
            <pattern type="File">*[*.library-ms]</pattern>
          </objectSet>
        </contentModify>
        <merge script="MigXmlHelper.SourcePriority()">
          <objectSet>
            <pattern type="File">*[*.library-ms]</pattern>
          </objectSet>
        </merge>
      </rules>
    </role>
  </component>
  <component type="Documents" context="JacksonSr\Dishes" defaultSupported="Yes">
    <displayName>External_UserDocs - JacksonSr\Dishes</displayName>
    <version>1.0</version>
    <paths>
      <path type="File">%External_UserDocs%</path>
    </paths>
    <role role="Data">
      <rules>
        <include>
          <objectSet/>
        </include>
        <include filter="MigXmlHelper.IgnoreIrrelevantLinks()">
          <objectSet>
            <pattern type="File">c:\users\dishes\pictures\slide shows\*[*]</pattern>
            <pattern type="File">c:\users\dishes\pictures\screenshots\*[*]</pattern>
            <pattern type="File">c:\users\dishes\onedrive\*[*]</pattern>
            <pattern type="File">c:\users\dishes\appdata\roaming\microsoft\windows\libraries\*[*]</pattern>
            <pattern type="File">c:\users\dishes\3d objects\*[*]</pattern>
            <pattern type="File">c:\users\dishes\music\*[*]</pattern>
            <pattern type="File">c:\users\dishes\music\playlists\*[*]</pattern>
            <pattern type="File">c:\users\dishes\desktop\*[*]</pattern>
            <pattern type="File">c:\users\dishes\downloads\*[*]</pattern>
            <pattern type="File">c:\users\dishes\links\*[*]</pattern>
            <pattern type="File">c:\users\dishes\saved games\*[*]</pattern>
            <pattern type="File">c:\users\dishes\favorites\*[*]</pattern>
            <pattern type="File">c:\users\dishes\documents\*[*]</pattern>
            <pattern type="File">c:\users\dishes\videos\*[*]</pattern>
            <pattern type="File">c:\users\dishes\videos\captures\*[*]</pattern>
            <pattern type="File">c:\users\dishes\appdata\roaming\microsoft\windows\templates\*[*]</pattern>
            <pattern type="File">c:\users\dishes\pictures\camera roll\*[*]</pattern>
            <pattern type="File">c:\users\dishes\pictures\*[*]</pattern>
            <pattern type="File">c:\users\dishes\appdata\local\microsoft\windows photo gallery\original images\*[*]</pattern>
            <pattern type="File">c:\users\dishes\appdata\roaming\microsoft\internet explorer\quick launch\*[*]</pattern>
            <pattern type="File">c:\users\dishes\pictures\saved pictures\*[*]</pattern>
            <pattern type="File">c:\users\dishes\contacts\*[*]</pattern>
          </objectSet>
        </include>
        <exclude>
          <objectSet/>
        </exclude>
        <excludeAttributes attributes="Security">
          <objectSet>
            <pattern type="File">*[*]</pattern>
          </objectSet>
        </excludeAttributes>
        <contentModify script="MigXmlHelper.MergeShellLibraries('TRUE','TRUE')">
          <objectSet>
            <pattern type="File">*[*.library-ms]</pattern>
          </objectSet>
        </contentModify>
        <merge script="MigXmlHelper.SourcePriority()">
          <objectSet>
            <pattern type="File">*[*.library-ms]</pattern>
          </objectSet>
        </merge>
      </rules>
    </role>
  </component>
  <component type="Documents" context="JacksonSr\Laundry" defaultSupported="Yes">
    <displayName>External_UserDocs - JacksonSr\Laundry</displayName>
    <version>1.0</version>
    <paths>
      <path type="File">%External_UserDocs%</path>
    </paths>
    <role role="Data">
      <rules>
        <include>
          <objectSet/>
        </include>
        <include filter="MigXmlHelper.IgnoreIrrelevantLinks()">
          <objectSet>
            <pattern type="File">c:\users\laundry\videos\captures\*[*]</pattern>
            <pattern type="File">c:\users\laundry\documents\*[*]</pattern>
            <pattern type="File">c:\users\laundry\onedrive\*[*]</pattern>
            <pattern type="File">c:\users\laundry\videos\*[*]</pattern>
            <pattern type="File">c:\users\laundry\3d objects\*[*]</pattern>
            <pattern type="File">c:\users\laundry\appdata\roaming\microsoft\windows\libraries\*[*]</pattern>
            <pattern type="File">c:\users\laundry\contacts\*[*]</pattern>
            <pattern type="File">c:\users\laundry\pictures\slide shows\*[*]</pattern>
            <pattern type="File">c:\users\laundry\desktop\*[*]</pattern>
            <pattern type="File">c:\users\laundry\music\playlists\*[*]</pattern>
            <pattern type="File">c:\users\laundry\.vscode\*[*]</pattern>
            <pattern type="File">c:\users\laundry\favorites\*[*]</pattern>
            <pattern type="File">c:\users\laundry\appdata\local\microsoft\windows photo gallery\original images\*[*]</pattern>
            <pattern type="File">c:\users\laundry\appdata\roaming\microsoft\internet explorer\quick launch\*[*]</pattern>
            <pattern type="File">c:\users\laundry\pictures\saved pictures\*[*]</pattern>
            <pattern type="File">c:\users\laundry\pictures\camera roll\*[*]</pattern>
            <pattern type="File">c:\users\laundry\pictures\*[*]</pattern>
            <pattern type="File">c:\users\laundry\saved games\*[*]</pattern>
            <pattern type="File">c:\users\laundry\music\*[*]</pattern>
            <pattern type="File">c:\users\laundry\pictures\screenshots\*[*]</pattern>
            <pattern type="File">c:\users\laundry\links\*[*]</pattern>
            <pattern type="File">c:\users\laundry\downloads\*[*]</pattern>
            <pattern type="File">c:\users\laundry\appdata\roaming\microsoft\windows\templates\*[*]</pattern>
            <pattern type="File">c:\users\laundry[laundry.zip]</pattern>
          </objectSet>
        </include>
        <exclude>
          <objectSet/>
        </exclude>
        <excludeAttributes attributes="Security">
          <objectSet>
            <pattern type="File">*[*]</pattern>
          </objectSet>
        </excludeAttributes>
        <contentModify script="MigXmlHelper.MergeShellLibraries('TRUE','TRUE')">
          <objectSet>
            <pattern type="File">*[*.library-ms]</pattern>
          </objectSet>
        </contentModify>
        <merge script="MigXmlHelper.SourcePriority()">
          <objectSet>
            <pattern type="File">*[*.library-ms]</pattern>
          </objectSet>
        </merge>
      </rules>
    </role>
  </component>
  <component type="Documents" context="JacksonSr\Sweep" defaultSupported="Yes">
    <displayName>External_UserDocs - JacksonSr\Sweep</displayName>
    <version>1.0</version>
    <paths>
      <path type="File">%External_UserDocs%</path>
    </paths>
    <role role="Data">
      <rules>
        <include>
          <objectSet/>
        </include>
        <include filter="MigXmlHelper.IgnoreIrrelevantLinks()">
          <objectSet>
            <pattern type="File">c:\users\sweep\appdata\roaming\microsoft\windows\templates\*[*]</pattern>
            <pattern type="File">c:\users\sweep\pictures\saved pictures\*[*]</pattern>
            <pattern type="File">c:\users\sweep\pictures\camera roll\*[*]</pattern>
            <pattern type="File">c:\users\sweep\desktop\*[*]</pattern>
            <pattern type="File">c:\users\sweep\music\*[*]</pattern>
            <pattern type="File">c:\users\sweep\appdata\local\microsoft\windows photo gallery\original images\*[*]</pattern>
            <pattern type="File">c:\users\sweep\favorites\*[*]</pattern>
            <pattern type="File">c:\users\sweep\appdata\roaming\microsoft\internet explorer\quick launch\*[*]</pattern>
            <pattern type="File">c:\users\sweep\pictures\*[*]</pattern>
            <pattern type="File">c:\users\sweep\saved games\*[*]</pattern>
            <pattern type="File">c:\users\sweep\videos\captures\*[*]</pattern>
            <pattern type="File">c:\users\sweep\pictures\screenshots\*[*]</pattern>
            <pattern type="File">c:\users\sweep\pictures\slide shows\*[*]</pattern>
            <pattern type="File">c:\users\sweep\documents\*[*]</pattern>
            <pattern type="File">c:\users\sweep\videos\*[*]</pattern>
            <pattern type="File">c:\users\sweep\onedrive\*[*]</pattern>
            <pattern type="File">c:\users\sweep\3d objects\*[*]</pattern>
            <pattern type="File">c:\users\sweep\.vscode\*[*]</pattern>
            <pattern type="File">c:\users\sweep\music\playlists\*[*]</pattern>
            <pattern type="File">c:\users\sweep\appdata\roaming\microsoft\windows\libraries\*[*]</pattern>
            <pattern type="File">c:\users\sweep\links\*[*]</pattern>
            <pattern type="File">c:\users\sweep\downloads\*[*]</pattern>
            <pattern type="File">c:\users\sweep\contacts\*[*]</pattern>
          </objectSet>
        </include>
        <exclude>
          <objectSet/>
        </exclude>
        <excludeAttributes attributes="Security">
          <objectSet>
            <pattern type="File">*[*]</pattern>
          </objectSet>
        </excludeAttributes>
        <contentModify script="MigXmlHelper.MergeShellLibraries('TRUE','TRUE')">
          <objectSet>
            <pattern type="File">*[*.library-ms]</pattern>
          </objectSet>
        </contentModify>
        <merge script="MigXmlHelper.SourcePriority()">
          <objectSet>
            <pattern type="File">*[*.library-ms]</pattern>
          </objectSet>
        </merge>
      </rules>
    </role>
  </component>
</migration>
