<?xml version="1.0" encoding="UTF-8"?>
<migration urlid="http://www.microsoft.com/migration/1.0/migxmlext/miguserallfiles">

    <_locDefinition>
     <_locDefault _loc="locNone"/>
     <_locTag _loc="locData">displayName</_locTag>
    </_locDefinition>

    <!-- This component migrates All User Profile files -->
    <component type="Documents" context="User">
        <displayName _locID="miguser.myalldocs">My All Files</displayName>
        <detects>
            <condition>MigXmlHelper.DoesObjectExist("File", "%USERPROFILE%")</condition>
        </detects>
        <role role="User">
            <rules>
                <include filter="MigXmlHelper.IgnoreIrrelevantLinks()">
                    <objectSet>
                        <pattern type="File">%USERPROFILE%\* [*]</pattern>
                    </objectSet>
                </include>
            </rules>
        </role>
    </component>
</migration>