<?xml version="1.0" encoding="UTF-8"?>
<Configuration>
  <Applications/>
  <Documents/>
  <WindowsComponents>
    <component displayname="microsoft-windows-identity-foundation-migration" migrate="yes" ID="microsoft-windows-identity-foundation-migration"/>
    <component displayname="microsoft-windows-identityserver-migration" migrate="yes" ID="microsoft-windows-identityserver-migration"/>
    <component displayname="TSPortalWebPart" migrate="yes" ID="http://www.microsoft.com/migration/1.0/migxmlext/cmi/tsportalwebpart/tsportalwebpart/settings"/>
    <component displayname="Microsoft-Windows-ServerManager-Shell" migrate="yes" ID="http://www.microsoft.com/migration/1.0/migxmlext/cmi/microsoft-windows-servermanager-shell/microsoft-windows-servermanager-shell/settings"/>
    <component displayname="Microsoft-Windows-WCFCoreComp" migrate="yes" ID="http://www.microsoft.com/migration/1.0/migxmlext/cmi/microsoft-windows-wcfcorecomp/microsoft-windows-wcfcorecomp/settings"/>
    <component displayname="WCF-NonHTTP-Activation" migrate="yes" ID="http://www.microsoft.com/migration/1.0/migxmlext/cmi/wcf-nonhttp-activation/wcf-nonhttp-activation/settings"/>
    <component displayname="Microsoft-Windows-NETFX35CDFComp" migrate="yes" ID="http://www.microsoft.com/migration/1.0/migxmlext/cmi/microsoft-windows-netfx35cdfcomp/microsoft-windows-netfx35cdfcomp/settings"/>
    <component displayname="WCF-HTTP-Activation" migrate="yes" ID="http://www.microsoft.com/migration/1.0/migxmlext/cmi/wcf-http-activation/wcf-http-activation/settings"/>
    <component displayname="Microsoft-Windows-fontext" migrate="yes" ID="http://www.microsoft.com/migration/1.0/migxmlext/cmi/microsoft-windows-fontext/microsoft-windows-fontext/settings"/>
    <component displayname="Microsoft-Windows-DataIntegrityScan" migrate="yes" ID="http://www.microsoft.com/migration/1.0/migxmlext/cmi/microsoft-windows-dataintegrityscan/microsoft-windows-dataintegrityscan/settings"/>
    <component displayname="Microsoft-Windows-AdvancedTaskManager" migrate="yes" ID="http://www.microsoft.com/migration/1.0/migxmlext/cmi/microsoft-windows-advancedtaskmanager/microsoft-windows-advancedtaskmanager/settings"/>
    <component displayname="Microsoft-Windows-RasmanService" migrate="yes" ID="http://www.microsoft.com/migration/1.0/migxmlext/cmi/microsoft-windows-rasmanservice/microsoft-windows-rasmanservice/settings"/>
    <component displayname="Microsoft-Windows-EnterpriseClientSync-Host" migrate="yes" ID="http://www.microsoft.com/migration/1.0/migxmlext/cmi/microsoft-windows-enterpriseclientsync-host/microsoft-windows-enterpriseclientsync-host/settings"/>
    <component displayname="Microsoft-Windows-Security-ExchangeActiveSyncProvisioning" migrate="yes" ID="http://www.microsoft.com/migration/1.0/migxmlext/cmi/microsoft-windows-security-exchangeactivesyncprovisioning/microsoft-windows-security-exchangeactivesyncprovisioning/settings"/>
    <component displayname="Microsoft-Windows-Media-Import-API" migrate="yes" ID="http://www.microsoft.com/migration/1.0/migxmlext/cmi/microsoft-windows-media-import-api/microsoft-windows-media-import-api/settings"/>
    <component displayname="Microsoft-Windows-International-TimeZones" migrate="yes" ID="http://www.microsoft.com/migration/1.0/migxmlext/cmi/microsoft-windows-international-timezones/microsoft-windows-international-timezones/settings"/>
    <component displayname="accessibility" migrate="yes" ID="accessibility">
      <component displayname="accessibility\accessibility_settings" migrate="yes" ID="accessibility\accessibility_settings">
        <component displayname="Microsoft-Windows-accessibilitycpl" migrate="yes" ID="http://www.microsoft.com/migration/1.0/migxmlext/cmi/microsoft-windows-accessibilitycpl/microsoft-windows-accessibilitycpl/settings"/>
      </component>
    </component>
    <component displayname="Microsoft-Windows-WinMDE" migrate="yes" ID="http://www.microsoft.com/migration/1.0/migxmlext/cmi/microsoft-windows-winmde/microsoft-windows-winmde/settings"/>
    <component displayname="Microsoft-Windows-Application-Experience-Program-Compatibility-Assistant" migrate="yes" ID="http://www.microsoft.com/migration/1.0/migxmlext/cmi/microsoft-windows-application-experience-program-compatibility-assistant/microsoft-windows-application-experience-program-compatibility-assistant/settings"/>
    <component displayname="Microsoft-Windows-ReFS" migrate="yes" ID="http://www.microsoft.com/migration/1.0/migxmlext/cmi/microsoft-windows-refs/microsoft-windows-refs/settings"/>
    <component displayname="tablet_pc_settings" migrate="yes" ID="tablet_pc_settings">
      <component displayname="tablet_pc_settings\tablet_pc_input_panel" migrate="yes" ID="tablet_pc_settings\tablet_pc_input_panel">
        <component displayname="Microsoft-Windows-TabletPC-InputPanel" migrate="yes" ID="http://www.microsoft.com/migration/1.0/migxmlext/cmi/microsoft-windows-tabletpc-inputpanel/microsoft-windows-tabletpc-inputpanel/settings"/>
      </component>
      <component displayname="tablet_pc_settings\tablet_pc_general_options" migrate="yes" ID="tablet_pc_settings\tablet_pc_general_options">
        <component displayname="Microsoft-Windows-TabletPC-Platform-Input-Core" migrate="yes" ID="http://www.microsoft.com/migration/1.0/migxmlext/cmi/microsoft-windows-tabletpc-platform-input-core/microsoft-windows-tabletpc-platform-input-core/settings"/>
      </component>
      <component displayname="tablet_pc_settings\handwriting_recognition" migrate="yes" ID="tablet_pc_settings\handwriting_recognition">
        <component displayname="Microsoft-Windows-TabletPC-CoreInkRecognition" migrate="yes" ID="http://www.microsoft.com/migration/1.0/migxmlext/cmi/microsoft-windows-tabletpc-coreinkrecognition/microsoft-windows-tabletpc-coreinkrecognition/settings"/>
      </component>
    </component>
    <component displayname="Microsoft-Windows-mmsys" migrate="yes" ID="http://www.microsoft.com/migration/1.0/migxmlext/cmi/microsoft-windows-mmsys/microsoft-windows-mmsys/settings"/>
    <component displayname="Microsoft-Windows-Shell-Sounds" migrate="yes" ID="http://www.microsoft.com/migration/1.0/migxmlext/cmi/microsoft-windows-shell-sounds/microsoft-windows-shell-sounds/settings"/>
    <component displayname="WindowsSearchEngine" migrate="yes" ID="http://www.microsoft.com/migration/1.0/migxmlext/cmi/windowssearchengine/windowssearchengine/settings"/>
    <component displayname="Microsoft-Windows-PenService" migrate="yes" ID="http://www.microsoft.com/migration/1.0/migxmlext/cmi/microsoft-windows-penservice/microsoft-windows-penservice/settings"/>
    <component displayname="Microsoft-OneCore-WebThreatDefense-Service" migrate="yes" ID="http://www.microsoft.com/migration/1.0/migxmlext/cmi/microsoft-onecore-webthreatdefense-service/microsoft-onecore-webthreatdefense-service/settings"/>
    <component displayname="Microsoft-Windows-MFMPEG2SrcSnk" migrate="yes" ID="http://www.microsoft.com/migration/1.0/migxmlext/cmi/microsoft-windows-mfmpeg2srcsnk/microsoft-windows-mfmpeg2srcsnk/settings"/>
    <component displayname="Microsoft-Windows-Security-CloudAP" migrate="yes" ID="http://www.microsoft.com/migration/1.0/migxmlext/cmi/microsoft-windows-security-cloudap/microsoft-windows-security-cloudap/settings"/>
    <component displayname="Microsoft-Windows-MSMPEG2VDEC" migrate="yes" ID="http://www.microsoft.com/migration/1.0/migxmlext/cmi/microsoft-windows-msmpeg2vdec/microsoft-windows-msmpeg2vdec/settings"/>
    <component displayname="Microsoft-Windows-X509CertificateEnrollment" migrate="yes" ID="http://www.microsoft.com/migration/1.0/migxmlext/cmi/microsoft-windows-x509certificateenrollment/microsoft-windows-x509certificateenrollment/settings"/>
    <component displayname="Microsoft-Windows-Audio-VolumeControl" migrate="yes" ID="http://www.microsoft.com/migration/1.0/migxmlext/cmi/microsoft-windows-audio-volumecontrol/microsoft-windows-audio-volumecontrol/settings"/>
    <component displayname="Windows-ID-Connected-Account-Provider-WLIDSvc" migrate="yes" ID="http://www.microsoft.com/migration/1.0/migxmlext/cmi/windows-id-connected-account-provider-wlidsvc/windows-id-connected-account-provider-wlidsvc/settings"/>
    <component displayname="Microsoft-Windows-Runtime-Windows-Media" migrate="yes" ID="http://www.microsoft.com/migration/1.0/migxmlext/cmi/microsoft-windows-runtime-windows-media/microsoft-windows-runtime-windows-media/settings"/>
    <component displayname="Microsoft-Windows-Security-IdentityStore" migrate="yes" ID="http://www.microsoft.com/migration/1.0/migxmlext/cmi/microsoft-windows-security-identitystore/microsoft-windows-security-identitystore/settings"/>
    <component displayname="Microsoft-Windows-Audio-AudioCore-Client" migrate="yes" ID="http://www.microsoft.com/migration/1.0/migxmlext/cmi/microsoft-windows-audio-audiocore-client/microsoft-windows-audio-audiocore-client/settings"/>
    <component displayname="Microsoft-Windows-ErrorReportingFaults" migrate="yes" ID="http://www.microsoft.com/migration/1.0/migxmlext/cmi/microsoft-windows-errorreportingfaults/microsoft-windows-errorreportingfaults/settings"/>
    <component displayname="Microsoft-Windows-sysdm" migrate="yes" ID="http://www.microsoft.com/migration/1.0/migxmlext/cmi/microsoft-windows-sysdm/microsoft-windows-sysdm/settings"/>
    <component displayname="Microsoft-Windows-OfflineFiles-Core" migrate="yes" ID="http://www.microsoft.com/migration/1.0/migxmlext/cmi/microsoft-windows-offlinefiles-core/microsoft-windows-offlinefiles-core/settings"/>
    <component displayname="appearance_and_display" migrate="yes" ID="appearance_and_display">
      <component displayname="appearance_and_display\user_tile" migrate="yes" ID="appearance_and_display\user_tile">
        <component displayname="Microsoft-Windows-WindowsUIImmersive" migrate="yes" ID="http://www.microsoft.com/migration/1.0/migxmlext/cmi/microsoft-windows-windowsuiimmersive/microsoft-windows-windowsuiimmersive/settings"/>
      </component>
      <component displayname="appearance_and_display\taskbar_and_start_menu" migrate="yes" ID="appearance_and_display\taskbar_and_start_menu">
        <component displayname="Microsoft-Windows-stobject" migrate="yes" ID="http://www.microsoft.com/migration/1.0/migxmlext/cmi/microsoft-windows-stobject/microsoft-windows-stobject/settings"/>
        <component displayname="Microsoft-Windows-explorer" migrate="yes" ID="http://www.microsoft.com/migration/1.0/migxmlext/cmi/microsoft-windows-explorer/microsoft-windows-explorer/settings"/>
      </component>
      <component displayname="appearance_and_display\personalized_settings" migrate="yes" ID="appearance_and_display\personalized_settings">
        <component displayname="Microsoft-Windows-uxtheme" migrate="yes" ID="http://www.microsoft.com/migration/1.0/migxmlext/cmi/microsoft-windows-uxtheme/microsoft-windows-uxtheme/settings"/>
        <component displayname="Microsoft-Windows-shmig" migrate="yes" ID="http://www.microsoft.com/migration/1.0/migxmlext/cmi/microsoft-windows-shmig/microsoft-windows-shmig/settings"/>
        <component displayname="Microsoft-Windows-shell32" migrate="yes" ID="http://www.microsoft.com/migration/1.0/migxmlext/cmi/microsoft-windows-shell32/microsoft-windows-shell32/settings"/>
        <component displayname="Microsoft-Windows-CommandPrompt" migrate="yes" ID="http://www.microsoft.com/migration/1.0/migxmlext/cmi/microsoft-windows-commandprompt/microsoft-windows-commandprompt/settings"/>
        <component displayname="Microsoft-Windows-themeui" migrate="yes" ID="http://www.microsoft.com/migration/1.0/migxmlext/cmi/microsoft-windows-themeui/microsoft-windows-themeui/settings"/>
      </component>
    </component>
    <component displayname="Microsoft-Windows-Profsvc" migrate="yes" ID="http://www.microsoft.com/migration/1.0/migxmlext/cmi/microsoft-windows-profsvc/microsoft-windows-profsvc/settings"/>
    <component displayname="Microsoft-Windows-UDFS" migrate="yes" ID="http://www.microsoft.com/migration/1.0/migxmlext/cmi/microsoft-windows-udfs/microsoft-windows-udfs/settings"/>
    <component displayname="Microsoft-Windows-eudcedit" migrate="yes" ID="http://www.microsoft.com/migration/1.0/migxmlext/cmi/microsoft-windows-eudcedit/microsoft-windows-eudcedit/settings"/>
    <component displayname="Microsoft-Windows-DiagCpl" migrate="yes" ID="http://www.microsoft.com/migration/1.0/migxmlext/cmi/microsoft-windows-diagcpl/microsoft-windows-diagcpl/settings"/>
    <component displayname="Microsoft-Windows-Feedback-CourtesyEngine" migrate="yes" ID="http://www.microsoft.com/migration/1.0/migxmlext/cmi/microsoft-windows-feedback-courtesyengine/microsoft-windows-feedback-courtesyengine/settings"/>
    <component displayname="Microsoft-Windows-MFSrcSnk" migrate="yes" ID="http://www.microsoft.com/migration/1.0/migxmlext/cmi/microsoft-windows-mfsrcsnk/microsoft-windows-mfsrcsnk/settings"/>
    <component displayname="Microsoft-Windows-notepad" migrate="yes" ID="http://www.microsoft.com/migration/1.0/migxmlext/cmi/microsoft-windows-notepad/microsoft-windows-notepad/settings"/>
    <component displayname="performance_and_maintenance" migrate="yes" ID="performance_and_maintenance">
      <component displayname="performance_and_maintenance\error_reporting" migrate="yes" ID="performance_and_maintenance\error_reporting">
        <component displayname="Microsoft-Windows-ErrorReportingCore" migrate="yes" ID="http://www.microsoft.com/migration/1.0/migxmlext/cmi/microsoft-windows-errorreportingcore/microsoft-windows-errorreportingcore/settings"/>
      </component>
      <component displayname="performance_and_maintenance\diagnostics" migrate="yes" ID="performance_and_maintenance\diagnostics">
        <component displayname="Microsoft-Windows-RemoteAssistance-Exe" migrate="yes" ID="http://www.microsoft.com/migration/1.0/migxmlext/cmi/microsoft-windows-remoteassistance-exe/microsoft-windows-remoteassistance-exe/settings"/>
        <component displayname="Microsoft-Windows-Feedback-Service" migrate="yes" ID="http://www.microsoft.com/migration/1.0/migxmlext/cmi/microsoft-windows-feedback-service/microsoft-windows-feedback-service/settings"/>
      </component>
    </component>
    <component displayname="Microsoft-Windows-DesktopWindowManager-uDWM" migrate="yes" ID="http://www.microsoft.com/migration/1.0/migxmlext/cmi/microsoft-windows-desktopwindowmanager-udwm/microsoft-windows-desktopwindowmanager-udwm/settings"/>
    <component displayname="Microsoft-Windows-DeliveryOptimization" migrate="yes" ID="http://www.microsoft.com/migration/1.0/migxmlext/cmi/microsoft-windows-deliveryoptimization/microsoft-windows-deliveryoptimization/settings"/>
    <component displayname="Microsoft-Windows-ScriptedDiagnosticsClient-Scheduled" migrate="yes" ID="http://www.microsoft.com/migration/1.0/migxmlext/cmi/microsoft-windows-scripteddiagnosticsclient-scheduled/microsoft-windows-scripteddiagnosticsclient-scheduled/settings"/>
    <component displayname="communications_and_sync" migrate="yes" ID="communications_and_sync">
      <component displayname="communications_and_sync\windows_mail" migrate="yes" ID="communications_and_sync\windows_mail">
        <component displayname="Microsoft-Windows-WAB" migrate="yes" ID="http://www.microsoft.com/migration/1.0/migxmlext/cmi/microsoft-windows-wab/microsoft-windows-wab/settings"/>
      </component>
    </component>
    <component displayname="Microsoft-Windows-WMPNSS-Service" migrate="yes" ID="http://www.microsoft.com/migration/1.0/migxmlext/cmi/microsoft-windows-wmpnss-service/microsoft-windows-wmpnss-service/settings"/>
    <component displayname="sound_and_speech_recognition" migrate="yes" ID="sound_and_speech_recognition">
      <component displayname="sound_and_speech_recognition\speech_recognition" migrate="yes" ID="sound_and_speech_recognition\speech_recognition">
        <component displayname="Microsoft-Windows-SpeechCommon-OneCore" migrate="yes" ID="http://www.microsoft.com/migration/1.0/migxmlext/cmi/microsoft-windows-speechcommon-onecore/microsoft-windows-speechcommon-onecore/settings"/>
        <component displayname="Microsoft-Windows-SpeechCommon" migrate="yes" ID="http://www.microsoft.com/migration/1.0/migxmlext/cmi/microsoft-windows-speechcommon/microsoft-windows-speechcommon/settings"/>
      </component>
    </component>
    <component displayname="Microsoft-Windows-RasBase-RasSstp" migrate="yes" ID="http://www.microsoft.com/migration/1.0/migxmlext/cmi/microsoft-windows-rasbase-rassstp/microsoft-windows-rasbase-rassstp/settings"/>
    <component displayname="Microsoft-Windows-PeerDist-Server-Migration" migrate="yes" ID="http://www.microsoft.com/migration/1.0/migxmlext/cmi/microsoft-windows-peerdist-server-migration/microsoft-windows-peerdist-server-migration/settings"/>
    <component displayname="Microsoft-Windows-SystemMaintenanceService" migrate="yes" ID="http://www.microsoft.com/migration/1.0/migxmlext/cmi/microsoft-windows-systemmaintenanceservice/microsoft-windows-systemmaintenanceservice/settings"/>
    <component displayname="hardware" migrate="yes" ID="hardware">
      <component displayname="hardware\printers_and_faxes" migrate="yes" ID="hardware\printers_and_faxes">
        <component displayname="Microsoft-Windows-Printing-LocalPrinting" migrate="yes" ID="http://www.microsoft.com/migration/1.0/migxmlext/cmi/microsoft-windows-printing-localprinting/microsoft-windows-printing-localprinting/settings"/>
        <component displayname="Microsoft-Windows-Printing-Spooler-Core-Localspl" migrate="yes" ID="http://www.microsoft.com/migration/1.0/migxmlext/cmi/microsoft-windows-printing-spooler-core-localspl/microsoft-windows-printing-spooler-core-localspl/settings"/>
        <component displayname="Microsoft-Windows-Printing-Spooler-Networkclient" migrate="yes" ID="http://www.microsoft.com/migration/1.0/migxmlext/cmi/microsoft-windows-printing-spooler-networkclient/microsoft-windows-printing-spooler-networkclient/settings"/>
      </component>
      <component displayname="hardware\phone_and_modem" migrate="yes" ID="hardware\phone_and_modem">
        <component displayname="Microsoft-Windows-TapiSetup" migrate="yes" ID="http://www.microsoft.com/migration/1.0/migxmlext/cmi/microsoft-windows-tapisetup/microsoft-windows-tapisetup/settings"/>
      </component>
    </component>
    <component displayname="Microsoft-Windows-Extensible-Authentication-Protocol-Host-Service" migrate="yes" ID="http://www.microsoft.com/migration/1.0/migxmlext/cmi/microsoft-windows-extensible-authentication-protocol-host-service/microsoft-windows-extensible-authentication-protocol-host-service/settings"/>
    <component displayname="Microsoft-Windows-Client-SQM-Consolidator" migrate="yes" ID="http://www.microsoft.com/migration/1.0/migxmlext/cmi/microsoft-windows-client-sqm-consolidator/microsoft-windows-client-sqm-consolidator/settings"/>
    <component displayname="Microsoft-Windows-DafDockingProvider" migrate="yes" ID="http://www.microsoft.com/migration/1.0/migxmlext/cmi/microsoft-windows-dafdockingprovider/microsoft-windows-dafdockingprovider/settings"/>
    <component displayname="Microsoft-Windows-DisplayConfigSettings" migrate="yes" ID="http://www.microsoft.com/migration/1.0/migxmlext/cmi/microsoft-windows-displayconfigsettings/microsoft-windows-displayconfigsettings/settings"/>
    <component displayname="security" migrate="yes" ID="security">
      <component displayname="Microsoft-Windows-Rights-Management-Client-v2-Core" migrate="yes" ID="http://www.microsoft.com/migration/1.0/migxmlext/cmi/microsoft-windows-rights-management-client-v2-core/microsoft-windows-rights-management-client-v2-core/settings"/>
      <component displayname="Microsoft-Windows-Rights-Management-Client-v1-API" migrate="yes" ID="http://www.microsoft.com/migration/1.0/migxmlext/cmi/microsoft-windows-rights-management-client-v1-api/microsoft-windows-rights-management-client-v1-api/settings"/>
      <component displayname="security\security_options" migrate="yes" ID="security\security_options">
        <component displayname="Microsoft-Windows-Security-Vault" migrate="yes" ID="http://www.microsoft.com/migration/1.0/migxmlext/cmi/microsoft-windows-security-vault/microsoft-windows-security-vault/settings"/>
        <component displayname="Microsoft-Windows-Credential-Manager" migrate="yes" ID="http://www.microsoft.com/migration/1.0/migxmlext/cmi/microsoft-windows-credential-manager/microsoft-windows-credential-manager/settings"/>
      </component>
      <component displayname="Microsoft-Windows-Rights-Management-Client-Office-Protectors" migrate="yes" ID="http://www.microsoft.com/migration/1.0/migxmlext/cmi/microsoft-windows-rights-management-client-office-protectors/microsoft-windows-rights-management-client-office-protectors/settings"/>
    </component>
    <component displayname="network_and_internet" migrate="yes" ID="network_and_internet">
      <component displayname="network_and_internet\internet_options" migrate="yes" ID="network_and_internet\internet_options">
        <component displayname="Microsoft-Windows-IE-InternetExplorer" migrate="yes" ID="http://www.microsoft.com/migration/1.0/migxmlext/cmi/microsoft-windows-ie-internetexplorer/microsoft-windows-ie-internetexplorer/settings"/>
        <component displayname="Microsoft-Windows-ieframe" migrate="yes" ID="http://www.microsoft.com/migration/1.0/migxmlext/cmi/microsoft-windows-ieframe/microsoft-windows-ieframe/settings"/>
        <component displayname="Microsoft-Windows-IE-Feeds-Platform" migrate="yes" ID="http://www.microsoft.com/migration/1.0/migxmlext/cmi/microsoft-windows-ie-feeds-platform/microsoft-windows-ie-feeds-platform/settings"/>
      </component>
      <component displayname="network_and_internet\networking_connections" migrate="yes" ID="network_and_internet\networking_connections">
        <component displayname="Microsoft-Windows-Native-80211" migrate="yes" ID="http://www.microsoft.com/migration/1.0/migxmlext/cmi/microsoft-windows-native-80211/microsoft-windows-native-80211/settings"/>
        <component displayname="Microsoft-Windows-Dot3svc" migrate="yes" ID="http://www.microsoft.com/migration/1.0/migxmlext/cmi/microsoft-windows-dot3svc/microsoft-windows-dot3svc/settings"/>
        <component displayname="Microsoft-Windows-RasApi" migrate="yes" ID="http://www.microsoft.com/migration/1.0/migxmlext/cmi/microsoft-windows-rasapi/microsoft-windows-rasapi/settings"/>
        <component displayname="Microsoft-Windows-Wlansvc" migrate="yes" ID="http://www.microsoft.com/migration/1.0/migxmlext/cmi/microsoft-windows-wlansvc/microsoft-windows-wlansvc/settings"/>
        <component displayname="Microsoft-Windows-VWiFi" migrate="yes" ID="http://www.microsoft.com/migration/1.0/migxmlext/cmi/microsoft-windows-vwifi/microsoft-windows-vwifi/settings"/>
        <component displayname="Microsoft-Windows-RasConnectionManager" migrate="yes" ID="http://www.microsoft.com/migration/1.0/migxmlext/cmi/microsoft-windows-rasconnectionmanager/microsoft-windows-rasconnectionmanager/settings"/>
        <component displayname="Microsoft-Windows-MPR" migrate="yes" ID="http://www.microsoft.com/migration/1.0/migxmlext/cmi/microsoft-windows-mpr/microsoft-windows-mpr/settings"/>
      </component>
    </component>
    <component displayname="Security-Malware-Windows-Defender" migrate="yes" ID="http://www.microsoft.com/migration/1.0/migxmlext/cmi/security-malware-windows-defender/security-malware-windows-defender/settings"/>
    <component displayname="Microsoft-Windows-Desktop_Technologies-Text_Input_Services-IME-EAShared-Migration" migrate="yes" ID="http://www.microsoft.com/migration/1.0/migxmlext/cmi/microsoft-windows-desktop_technologies-text_input_services-ime-eashared-migration/microsoft-windows-desktop_technologies-text_input_services-ime-eashared-migration/settings"/>
    <component displayname="Microsoft-Windows-TelemetryClient" migrate="yes" ID="http://www.microsoft.com/migration/1.0/migxmlext/cmi/microsoft-windows-telemetryclient/microsoft-windows-telemetryclient/settings"/>
    <component displayname="date_time_language_and_region" migrate="yes" ID="date_time_language_and_region">
      <component displayname="date_time_language_and_region\regional_language_options" migrate="yes" ID="date_time_language_and_region\regional_language_options">
        <component displayname="Microsoft-Windows-IME-Traditional-Chinese-Core" migrate="yes" ID="http://www.microsoft.com/migration/1.0/migxmlext/cmi/microsoft-windows-ime-traditional-chinese-core/microsoft-windows-ime-traditional-chinese-core/settings"/>
        <component displayname="Microsoft-Windows-TableDrivenTextService-Migration" migrate="yes" ID="http://www.microsoft.com/migration/1.0/migxmlext/cmi/microsoft-windows-tabledriventextservice-migration/microsoft-windows-tabledriventextservice-migration/settings"/>
        <component displayname="Microsoft-Windows-MUI-Settings" migrate="yes" ID="http://www.microsoft.com/migration/1.0/migxmlext/cmi/microsoft-windows-mui-settings/microsoft-windows-mui-settings/settings"/>
        <component displayname="Microsoft-Windows-International-Core" migrate="yes" ID="http://www.microsoft.com/migration/1.0/migxmlext/cmi/microsoft-windows-international-core/microsoft-windows-international-core/settings"/>
        <component displayname="Microsoft-Windows-TextServicesFramework-Migration" migrate="yes" ID="http://www.microsoft.com/migration/1.0/migxmlext/cmi/microsoft-windows-textservicesframework-migration/microsoft-windows-textservicesframework-migration/settings"/>
      </component>
    </component>
    <component displayname="additional_options" migrate="yes" ID="additional_options">
      <component displayname="additional_options\help_settings" migrate="yes" ID="additional_options\help_settings">
        <component displayname="Microsoft-Windows-Help-Client" migrate="yes" ID="http://www.microsoft.com/migration/1.0/migxmlext/cmi/microsoft-windows-help-client/microsoft-windows-help-client/settings"/>
      </component>
      <component displayname="additional_options\windows_core_settings" migrate="yes" ID="additional_options\windows_core_settings">
        <component displayname="Microsoft-Windows-Microsoft-Data-Access-Components-(MDAC)-ODBC-DriverManager-Dll" migrate="yes" ID="http://www.microsoft.com/migration/1.0/migxmlext/cmi/microsoft-windows-microsoft-data-access-components-(mdac)-odbc-drivermanager-dll/microsoft-windows-microsoft-data-access-components-(mdac)-odbc-drivermanager-dll/settings"/>
        <component displayname="Microsoft-Windows-feclient" migrate="yes" ID="http://www.microsoft.com/migration/1.0/migxmlext/cmi/microsoft-windows-feclient/microsoft-windows-feclient/settings"/>
        <component displayname="Microsoft-Windows-RasMprDdm" migrate="yes" ID="http://www.microsoft.com/migration/1.0/migxmlext/cmi/microsoft-windows-rasmprddm/microsoft-windows-rasmprddm/settings"/>
        <component displayname="Microsoft-Windows-RPC-Local" migrate="yes" ID="http://www.microsoft.com/migration/1.0/migxmlext/cmi/microsoft-windows-rpc-local/microsoft-windows-rpc-local/settings"/>
        <component displayname="Microsoft-Windows-TerminalServices-RemoteConnectionManager" migrate="yes" ID="http://www.microsoft.com/migration/1.0/migxmlext/cmi/microsoft-windows-terminalservices-remoteconnectionmanager/microsoft-windows-terminalservices-remoteconnectionmanager/settings"/>
        <component displayname="Microsoft-Windows-COM-DTC-Setup" migrate="yes" ID="http://www.microsoft.com/migration/1.0/migxmlext/cmi/microsoft-windows-com-dtc-setup/microsoft-windows-com-dtc-setup/settings"/>
        <component displayname="Microsoft-Windows-COM-Base" migrate="yes" ID="http://www.microsoft.com/migration/1.0/migxmlext/cmi/microsoft-windows-com-base/microsoft-windows-com-base/settings"/>
        <component displayname="Microsoft-Windows-SQMApi" migrate="yes" ID="http://www.microsoft.com/migration/1.0/migxmlext/cmi/microsoft-windows-sqmapi/microsoft-windows-sqmapi/settings"/>
        <component displayname="Microsoft-Windows-UPnPSSDP" migrate="yes" ID="http://www.microsoft.com/migration/1.0/migxmlext/cmi/microsoft-windows-upnpssdp/microsoft-windows-upnpssdp/settings"/>
        <component displayname="Microsoft-Windows-Web-Services-for-Management-Core" migrate="yes" ID="http://www.microsoft.com/migration/1.0/migxmlext/cmi/microsoft-windows-web-services-for-management-core/microsoft-windows-web-services-for-management-core/settings"/>
        <component displayname="Microsoft-Windows-RPC-HTTP" migrate="yes" ID="http://www.microsoft.com/migration/1.0/migxmlext/cmi/microsoft-windows-rpc-http/microsoft-windows-rpc-http/settings"/>
        <component displayname="Microsoft-Windows-UPnPDeviceHost" migrate="yes" ID="http://www.microsoft.com/migration/1.0/migxmlext/cmi/microsoft-windows-upnpdevicehost/microsoft-windows-upnpdevicehost/settings"/>
        <component displayname="Microsoft-Windows-Rasppp-NonEap" migrate="yes" ID="http://www.microsoft.com/migration/1.0/migxmlext/cmi/microsoft-windows-rasppp-noneap/microsoft-windows-rasppp-noneap/settings"/>
        <component displayname="Microsoft-Windows-Win32k-Settings" migrate="yes" ID="http://www.microsoft.com/migration/1.0/migxmlext/cmi/microsoft-windows-win32k-settings/microsoft-windows-win32k-settings/settings"/>
        <component displayname="Microsoft-Windows-ICM-Profiles" migrate="yes" ID="http://www.microsoft.com/migration/1.0/migxmlext/cmi/microsoft-windows-icm-profiles/microsoft-windows-icm-profiles/settings"/>
        <component displayname="Microsoft-Windows-dpapi-keys" migrate="yes" ID="http://www.microsoft.com/migration/1.0/migxmlext/cmi/microsoft-windows-dpapi-keys/microsoft-windows-dpapi-keys/settings"/>
        <component displayname="Microsoft-Windows-UPnPControlPoint" migrate="yes" ID="http://www.microsoft.com/migration/1.0/migxmlext/cmi/microsoft-windows-upnpcontrolpoint/microsoft-windows-upnpcontrolpoint/settings"/>
        <component displayname="Microsoft-Windows-Crypto-keys" migrate="yes" ID="http://www.microsoft.com/migration/1.0/migxmlext/cmi/microsoft-windows-crypto-keys/microsoft-windows-crypto-keys/settings"/>
        <component displayname="Microsoft-Windows-RasBase" migrate="yes" ID="http://www.microsoft.com/migration/1.0/migxmlext/cmi/microsoft-windows-rasbase/microsoft-windows-rasbase/settings"/>
        <component displayname="Microsoft-Windows-CAPI2-certs" migrate="yes" ID="http://www.microsoft.com/migration/1.0/migxmlext/cmi/microsoft-windows-capi2-certs/microsoft-windows-capi2-certs/settings"/>
        <component displayname="Microsoft-Windows-SQM-Consolidator-Base" migrate="yes" ID="http://www.microsoft.com/migration/1.0/migxmlext/cmi/microsoft-windows-sqm-consolidator-base/microsoft-windows-sqm-consolidator-base/settings"/>
        <component displayname="Microsoft-Windows-Rasppp-Eap" migrate="yes" ID="http://www.microsoft.com/migration/1.0/migxmlext/cmi/microsoft-windows-rasppp-eap/microsoft-windows-rasppp-eap/settings"/>
        <component displayname="Microsoft-Windows-RPC-Remote" migrate="yes" ID="http://www.microsoft.com/migration/1.0/migxmlext/cmi/microsoft-windows-rpc-remote/microsoft-windows-rpc-remote/settings"/>
      </component>
    </component>
  </WindowsComponents>
  <Policies>
    <ErrorControl>
      <!--   Example:

          <fileError>
            <nonFatal errorCode="33">* [*]</nonFatal>
            <fatal errorCode="any">C:\Users\* [*]</fatal>
          </fileError>
          <registryError>
            <nonFatal errorCode="5">* [*]</nonFatal>
          </registryError>
      -->
    </ErrorControl>
    <HardLinkStoreControl>
      <!--   Example:

          <fileLocked>
            <createHardLink>c:\Users\* [*]</createHardLink>
            <errorHardLink>C:\* [*]</errorHardLink>
          </fileLocked>
      -->
    </HardLinkStoreControl>
  </Policies>
  <ProfileControl>
    <!--   Example (local group mapping):

          <localGroups>
            <mappings>
              <changeGroup from="Administrators" to="Users" appliesTo="MigratedUsers">
                <include>
                  <pattern>DomainName1\Username</pattern>
                </include>
                <exclude>
                  <pattern>DomainName2\Username</pattern>
                </exclude>
              </changeGroup>
            </mappings>
          </localGroups>
          
      -->
    <!--   Example (domain and user mapping):

          <domains>
            <domain from="Domain1" to="Domain2"/>
          </domains>
          
          <users>
            <user from="Domain1\User1" to="Domain2\User2"/>
          </users>
          
      -->
  </ProfileControl>
</Configuration>
